CloudletID,Status,VMId,StartTime,FinishTime,ExecTime,TenantID
5,Success,2,0.1,283.19,283.09,1
11,Success,2,0.1,283.41,283.31,1
14,Success,2,0.1,284.05,283.95,0
19,Success,1,0.1,285.09,284.99,1
17,Success,2,0.1,286.54,286.44,1
8,Success,2,0.1,287.02,286.92,3
0,Success,0,0.1,288.01,287.91,0
1,Success,1,0.1,288.3,288.2,0
2,Success,2,0.1,288.53,288.43,3
12,Success,0,0.1,288.68,288.58,3
10,Success,1,0.1,289.06,288.96,0
3,Success,0,0.1,289.99,289.89,2
16,Success,1,0.1,293.18,293.08,1
7,Success,1,0.1,299.31,299.21,2
4,Success,1,0.1,301.4,301.3,0
13,Success,1,0.1,301.91,301.81,3
18,Success,0,0.1,304.82,304.72,0
6,Success,0,0.1,305.02,304.92,1
15,Success,0,0.1,307.92,307.82,1
9,Success,0,0.1,309.94,309.84,3
